Postcode District,Bedroom Category,Count of rents,Mean,Lower quartile,Median,Upper quartile
BR1,One Bedroom,90,"1,055",975,"1,050","1,150"
BR1,Two Bedrooms,160,"1,275","1,150","1,273","1,400"
BR1,Three Bedrooms,60,"1,563","1,363","1,550","1,695"
BR1,Four or More Bedrooms,20,"2,470","2,000","2,275","3,050"
BR2,One Bedroom,70,"1,018",925,"1,000","1,100"
BR2,Two Bedrooms,170,"1,311","1,200","1,300","1,400"
BR2,Three Bedrooms,60,"1,671","1,475","1,600","1,800"
BR2,Four or More Bedrooms,30,"2,417","1,700","2,000","2,700"
BR3,One Bedroom,170,997,950,"1,000","1,033"
BR3,Two Bedrooms,200,"1,276","1,200","1,298","1,350"
BR3,Three Bedrooms,60,"1,650","1,500","1,600","1,760"
BR3,Four or More Bedrooms,20,"2,371","1,900","2,100","2,750"
BR4,One Bedroom,10,919,850,900,950
BR4,Two Bedrooms,20,"1,181","1,100","1,150","1,250"
BR4,Three Bedrooms,10,"1,650","1,650","1,750","1,800"
BR4,Four or More Bedrooms,10,"2,211","2,100","2,150","2,250"
BR5,One Bedroom,20,965,850,963,"1,025"
BR5,Two Bedrooms,70,"1,112","1,000","1,108","1,220"
BR5,Three Bedrooms,50,"1,447","1,300","1,400","1,560"
BR5,Four or More Bedrooms,10,"1,946","1,825","1,925","2,000"
BR6,One Bedroom,60,"1,004",900,"1,019","1,100"
BR6,Two Bedrooms,80,"1,191","1,100","1,200","1,300"
BR6,Three Bedrooms,50,"1,564","1,475","1,560","1,700"
BR6,Four or More Bedrooms,50,"2,067","1,800","1,975","2,200"
BR7,One Bedroom,20,917,875,900,950
BR7,Two Bedrooms,50,"1,402","1,180","1,350","1,500"
BR7,Three Bedrooms,30,"1,742","1,600","1,700","1,750"
BR7,Four or More Bedrooms,30,"2,849","1,950","2,500","3,250"
CR0,One Bedroom,320,980,900,950,"1,050"
CR0,Two Bedrooms,330,"1,225","1,140","1,200","1,300"
CR0,Three Bedrooms,100,"1,412","1,300","1,400","1,500"
CR0,Four or More Bedrooms,20,"2,066","1,750","1,800","1,950"
CR2,One Bedroom,50,914,850,900,950
CR2,Two Bedrooms,120,"1,191","1,100","1,200","1,250"
CR2,Three Bedrooms,40,"1,450","1,325","1,400","1,650"
CR2,Four or More Bedrooms,20,"1,906","1,800","1,900","2,025"
CR4,One Bedroom,40,983,900,"1,000","1,100"
CR4,Two Bedrooms,40,"1,149","1,050","1,155","1,300"
CR4,Three Bedrooms,30,"1,507","1,400","1,525","1,650"
CR4,Four or More Bedrooms,10,"1,858","1,725","1,775","2,050"
CR5,One Bedroom,10,943,838,913,"1,070"
CR5,Two Bedrooms,20,"1,237","1,150","1,250","1,300"
CR5,Three Bedrooms,10,"1,439","1,325","1,425","1,565"
CR5,Four or More Bedrooms,10,"2,095","1,873","2,000","2,200"
CR7,One Bedroom,20,947,875,925,"1,050"
CR7,Two Bedrooms,30,"1,189","1,135","1,250","1,300"
CR7,Three Bedrooms,30,"1,487","1,375","1,547","1,600"
CR7,Four or More Bedrooms,10,"1,910","1,750","1,850","1,900"
CR8,One Bedroom,40,946,855,940,995
CR8,Two Bedrooms,70,"1,228","1,100","1,200","1,313"
CR8,Three Bedrooms,30,"1,487","1,400","1,550","1,600"
CR8,Four or More Bedrooms,30,"2,028","1,750","1,900","2,300"
DA1,One Bedroom,60,792,700,780,900
DA1,Two Bedrooms,40,"1,053",950,"1,050","1,100"
DA1,Three Bedrooms,30,"1,179",970,"1,200","1,350"
DA14,One Bedroom,20,916,870,900,950
DA14,Two Bedrooms,60,"1,149","1,050","1,150","1,250"
DA14,Three Bedrooms,20,"1,331","1,275","1,298","1,450"
DA14,Four or More Bedrooms,10,"2,516","1,550","1,800","2,525"
DA15,One Bedroom,20,936,850,950,"1,000"
DA15,Two Bedrooms,30,"1,207","1,100","1,200","1,350"
DA15,Three Bedrooms,10,"1,426","1,350","1,438","1,525"
DA15,Four or More Bedrooms,10,"1,914","1,700","1,750","2,100"
DA16,One Bedroom,10,893,850,875,925
DA16,Two Bedrooms,20,"1,220","1,100","1,213","1,350"
DA16,Three Bedrooms,30,"1,368","1,275","1,400","1,450"
DA16,Four or More Bedrooms,10,"1,688","1,695","1,700","1,750"
DA17,One Bedroom,20,865,825,875,925
DA17,Two Bedrooms,30,"1,088","1,000","1,100","1,175"
DA17,Three Bedrooms,10,"1,316","1,200","1,300","1,400"
DA18,Three Bedrooms,20,"1,135","1,080","1,141","1,200"
DA18,Four or More Bedrooms,10,"1,289","1,245","1,285","1,349"
DA5,One Bedroom,10,"1,052",898,"1,000","1,200"
DA5,Two Bedrooms,30,"1,151","1,050","1,200","1,250"
DA5,Three Bedrooms,10,"1,506","1,450","1,500","1,550"
DA5,Four or More Bedrooms,10,"2,086","1,800","2,100","2,200"
DA6,One Bedroom,20,875,850,900,925
DA6,Two Bedrooms,20,"1,139","1,090","1,113","1,250"
DA6,Three Bedrooms,10,"1,357","1,200","1,363","1,550"
DA7,Two Bedrooms,40,"1,072","1,000","1,075","1,110"
DA7,Three Bedrooms,20,"1,400","1,300","1,400","1,450"
DA7,Four or More Bedrooms,10,"1,727","1,500","1,695","1,950"
DA8,One Bedroom,20,776,750,750,825
DA8,Two Bedrooms,50,"1,055",950,"1,050","1,150"
DA8,Three Bedrooms,20,"1,300","1,250","1,300","1,350"
DA8,Four or More Bedrooms,10,"1,497","1,450","1,500","1,650"
E1,One Bedroom,180,"1,668","1,402","1,590","1,737"
E1,Two Bedrooms,210,"2,111","1,700","1,898","2,383"
E1,Three Bedrooms,50,"2,404","2,050","2,300","2,512"
E1,Four or More Bedrooms,20,"2,840","2,395","2,600","3,077"
E10,One Bedroom,60,"1,083",975,"1,100","1,150"
E10,Two Bedrooms,50,"1,322","1,200","1,300","1,400"
E10,Three Bedrooms,30,"1,675","1,500","1,585","1,850"
E10,Four or More Bedrooms,20,"2,011","1,788","2,000","2,150"
E11,One Bedroom,100,"1,098","1,000","1,100","1,200"
E11,Two Bedrooms,150,"1,335","1,250","1,300","1,425"
E11,Three Bedrooms,50,"1,665","1,550","1,638","1,800"
E11,Four or More Bedrooms,20,"2,200","2,050","2,192","2,250"
E12,One Bedroom,20,"1,050",925,"1,050","1,138"
E12,Two Bedrooms,40,"1,292","1,200","1,300","1,350"
E12,Three Bedrooms,40,"1,529","1,350","1,600","1,650"
E12,Four or More Bedrooms,10,"1,812","1,750","1,825","1,950"
E13,One Bedroom,60,"1,129","1,050","1,111","1,150"
E13,Two Bedrooms,70,"1,342","1,295","1,350","1,450"
E13,Three Bedrooms,50,"1,664","1,600","1,700","1,754"
E13,Four or More Bedrooms,10,"1,946","1,800","1,900","2,000"
E14,One Bedroom,210,"1,471","1,360","1,450","1,560"
E14,Two Bedrooms,270,"1,801","1,593","1,744","1,950"
E14,Three Bedrooms,90,"2,176","1,895","2,112","2,332"
E14,Four or More Bedrooms,10,"3,109","2,557","2,817","3,467"
E15,One Bedroom,90,"1,207","1,100","1,200","1,300"
E15,Two Bedrooms,150,"1,502","1,400","1,500","1,600"
E15,Three Bedrooms,60,"1,804","1,625","1,760","1,900"
E15,Four or More Bedrooms,30,"2,054","1,875","2,000","2,200"
E16,One Bedroom,140,"1,355","1,318","1,400","1,450"
E16,Two Bedrooms,210,"1,681","1,573","1,741","1,802"
E16,Three Bedrooms,80,"1,966","1,700","2,088","2,170"
E16,Four or More Bedrooms,10,"2,386","1,900","2,600","2,817"
E17,One Bedroom,200,"1,196","1,080","1,150","1,300"
E17,Two Bedrooms,310,"1,442","1,300","1,400","1,630"
E17,Three Bedrooms,110,"1,714","1,525","1,650","1,850"
E17,Four or More Bedrooms,40,"2,004","1,800","2,000","2,300"
E18,One Bedroom,60,"1,113","1,050","1,100","1,200"
E18,Two Bedrooms,100,"1,359","1,250","1,350","1,460"
E18,Three Bedrooms,30,"1,639","1,475","1,665","1,800"
E18,Four or More Bedrooms,10,"2,560","2,200","2,450","2,550"
E1W,One Bedroom,60,"1,517","1,358","1,495","1,625"
E1W,Two Bedrooms,70,"1,944","1,647","1,857","2,238"
E1W,Three Bedrooms,20,"3,576","2,297","2,708","4,117"
E1W,Four or More Bedrooms,10,"3,517","3,098","3,207","3,467"
E2,One Bedroom,60,"1,616","1,402","1,650","1,777"
E2,Two Bedrooms,110,"1,982","1,750","1,989","2,151"
E2,Three Bedrooms,40,"2,542","2,200","2,482","2,850"
E2,Four or More Bedrooms,40,"3,367","3,100","3,514","3,683"
E20,One Bedroom,10,"1,700","1,575","1,750","1,775"
E20,Two Bedrooms,10,"1,860","1,800","1,800","1,850"
E3,One Bedroom,90,"1,331","1,300","1,338","1,375"
E3,Two Bedrooms,120,"1,648","1,500","1,623","1,700"
E3,Three Bedrooms,50,"2,168","1,950","2,180","2,300"
E3,Four or More Bedrooms,20,"2,784","2,383","2,600","3,250"
E4,One Bedroom,70,977,900,950,"1,025"
E4,Two Bedrooms,80,"1,206","1,125","1,200","1,280"
E4,Three Bedrooms,50,"1,508","1,425","1,500","1,600"
E4,Four or More Bedrooms,10,"1,860","1,700","1,850","1,950"
E5,One Bedroom,60,"1,345","1,250","1,305","1,450"
E5,Two Bedrooms,50,"1,609","1,473","1,600","1,725"
E5,Three Bedrooms,30,"2,072","1,750","2,025","2,300"
E5,Four or More Bedrooms,20,"2,886","2,700","2,900","3,000"
E6,One Bedroom,50,"1,066","1,000","1,100","1,130"
E6,Two Bedrooms,60,"1,265","1,200","1,300","1,350"
E6,Three Bedrooms,50,"1,599","1,500","1,600","1,675"
E6,Four or More Bedrooms,20,"1,972","1,800","1,925","2,050"
E7,One Bedroom,30,"1,070","1,000","1,050","1,150"
E7,Two Bedrooms,40,"1,322","1,250","1,300","1,400"
E7,Three Bedrooms,40,"1,618","1,500","1,625","1,750"
E7,Four or More Bedrooms,20,"2,036","1,850","2,000","2,100"
E8,One Bedroom,100,"1,601","1,450","1,603","1,709"
E8,Two Bedrooms,160,"1,739","1,426","1,675","2,047"
E8,Three Bedrooms,50,"2,472","2,150","2,598","2,778"
E8,Four or More Bedrooms,30,"3,103","2,747","3,328","3,550"
E9,One Bedroom,50,"1,328","1,250","1,300","1,400"
E9,Two Bedrooms,80,"1,652","1,500","1,600","1,750"
E9,Three Bedrooms,30,"1,994","1,800","2,000","2,190"
E9,Four or More Bedrooms,10,"2,990","2,700","2,867","3,079"
EC1V,One Bedroom,10,"1,666","1,380","1,712","1,850"
EC1V,Two Bedrooms,10,"2,220","1,842","2,050","2,800"
EC2A,Two Bedrooms,10,"2,459","1,850","2,450","2,800"
EN1,One Bedroom,70,967,900,950,"1,050"
EN1,Two Bedrooms,80,"1,272","1,200","1,275","1,350"
EN1,Three Bedrooms,30,"1,545","1,425","1,500","1,650"
EN1,Four or More Bedrooms,10,"2,081","1,800","2,200","2,225"
EN2,One Bedroom,30,"1,002",950,"1,000","1,050"
EN2,Two Bedrooms,70,"1,337","1,250","1,300","1,425"
EN2,Three Bedrooms,30,"1,551","1,440","1,475","1,675"
EN2,Four or More Bedrooms,10,"2,083","1,650","1,950","2,200"
EN3,One Bedroom,40,967,865,950,"1,100"
EN3,Two Bedrooms,50,"1,267","1,200","1,293","1,350"
EN3,Three Bedrooms,50,"1,503","1,400","1,500","1,600"
EN3,Four or More Bedrooms,10,"1,595","1,450","1,555","1,750"
EN4,One Bedroom,20,"1,090","1,000","1,088","1,100"
EN4,Two Bedrooms,70,"1,261","1,122","1,250","1,350"
EN4,Three Bedrooms,20,"1,735","1,550","1,700","2,000"
EN4,Four or More Bedrooms,10,"2,195","1,650","2,175","2,300"
EN5,One Bedroom,40,"1,049",960,"1,050","1,130"
EN5,Two Bedrooms,50,"1,316","1,200","1,300","1,420"
EN5,Three Bedrooms,10,"1,689","1,495","1,750","1,800"
EN5,Four or More Bedrooms,20,"2,349","1,977","2,350","2,450"
HA0,One Bedroom,40,"1,127","1,050","1,100","1,200"
HA0,Two Bedrooms,50,"1,369","1,275","1,400","1,425"
HA0,Three Bedrooms,60,"1,819","1,700","1,800","1,850"
HA0,Four or More Bedrooms,10,"2,336","2,000","2,250","2,500"
HA1,One Bedroom,40,"1,102","1,000","1,100","1,175"
HA1,Two Bedrooms,110,"1,333","1,250","1,333","1,400"
HA1,Three Bedrooms,20,"1,628","1,550","1,650","1,700"
HA1,Four or More Bedrooms,10,"1,791","1,500","1,790","2,050"
HA2,One Bedroom,40,"1,043","1,000","1,050","1,115"
HA2,Two Bedrooms,60,"1,225","1,138","1,250","1,300"
HA2,Three Bedrooms,60,"1,577","1,500","1,563","1,650"
HA2,Four or More Bedrooms,20,"1,899","1,750","1,850","2,000"
HA3,One Bedroom,50,977,900,975,"1,050"
HA3,Two Bedrooms,80,"1,290","1,200","1,281","1,350"
HA3,Three Bedrooms,120,"1,667","1,550","1,650","1,750"
HA3,Four or More Bedrooms,50,"2,060","1,800","1,900","2,200"
HA4,One Bedroom,60,"1,033",950,"1,050","1,125"
HA4,Two Bedrooms,180,"1,245","1,175","1,250","1,350"
HA4,Three Bedrooms,60,"1,598","1,450","1,600","1,695"
HA4,Four or More Bedrooms,20,"2,044","1,800","1,900","2,500"
HA5,One Bedroom,20,"1,027",950,"1,025","1,150"
HA5,Two Bedrooms,60,"1,290","1,200","1,300","1,400"
HA5,Three Bedrooms,20,"1,676","1,375","1,650","1,800"
HA5,Four or More Bedrooms,10,"2,240","1,900","2,200","2,550"
HA6,One Bedroom,30,948,850,925,"1,025"
HA6,Two Bedrooms,40,"1,231",950,"1,250","1,425"
HA6,Three Bedrooms,10,"1,614","1,500","1,625","1,850"
HA6,Four or More Bedrooms,10,"2,706","2,450","2,550","2,900"
HA7,One Bedroom,50,"1,188","1,100","1,200","1,250"
HA7,Two Bedrooms,90,"1,496","1,350","1,450","1,600"
HA7,Three Bedrooms,50,"1,786","1,650","1,750","1,863"
HA7,Four or More Bedrooms,20,"2,365","1,950","2,300","2,500"
HA8,One Bedroom,20,"1,035",975,"1,050","1,195"
HA8,Two Bedrooms,50,"1,343","1,200","1,320","1,450"
HA8,Three Bedrooms,50,"1,691","1,600","1,700","1,800"
HA8,Four or More Bedrooms,20,"2,326","1,878","2,150","2,525"
HA9,One Bedroom,30,"1,092","1,000","1,050","1,148"
HA9,Two Bedrooms,80,"1,413","1,300","1,400","1,500"
HA9,Three Bedrooms,30,"1,765","1,650","1,738","1,825"
HA9,Four or More Bedrooms,20,"2,094","1,900","1,975","2,100"
IG1,One Bedroom,40,"1,007",938,"1,000","1,100"
IG1,Two Bedrooms,60,"1,257","1,200","1,250","1,343"
IG1,Three Bedrooms,30,"1,606","1,450","1,600","1,750"
IG1,Four or More Bedrooms,10,"2,044","1,850","1,900","2,000"
IG11,One Bedroom,100,"1,025",950,"1,019","1,100"
IG11,Two Bedrooms,100,"1,275","1,175","1,250","1,350"
IG11,Three Bedrooms,50,"1,572","1,500","1,550","1,650"
IG11,Four or More Bedrooms,10,"1,747","1,625","1,782","1,900"
IG2,One Bedroom,30,"1,030",935,"1,050","1,125"
IG2,Two Bedrooms,40,"1,249","1,150","1,225","1,350"
IG2,Three Bedrooms,30,"1,634","1,550","1,650","1,710"
IG2,Four or More Bedrooms,10,"2,150","1,900","2,175","2,400"
IG3,One Bedroom,30,936,860,900,"1,000"
IG3,Two Bedrooms,20,"1,228","1,195","1,200","1,250"
IG3,Three Bedrooms,20,"1,558","1,500","1,563","1,650"
IG3,Four or More Bedrooms,10,"1,998","1,850","1,950","2,200"
IG4,Two Bedrooms,10,"1,235","1,100","1,300","1,300"
IG5,Four or More Bedrooms,10,"1,925","1,640","1,798","2,225"
IG6,One Bedroom,30,993,890,975,"1,075"
IG6,Two Bedrooms,40,"1,231","1,150","1,200","1,300"
IG6,Three Bedrooms,40,"1,520","1,433","1,588","1,650"
IG6,Four or More Bedrooms,10,"1,942","1,650","1,775","2,100"
IG7,One Bedroom,10,965,850,975,"1,050"
IG7,Two Bedrooms,10,"1,339","1,295","1,375","1,430"
IG7,Three Bedrooms,10,"1,473","1,400","1,475","1,600"
IG8,One Bedroom,20,"1,042",950,"1,100","1,100"
IG8,Two Bedrooms,60,"1,334","1,200","1,287","1,400"
IG8,Three Bedrooms,50,"1,589","1,450","1,600","1,650"
IG8,Four or More Bedrooms,20,"1,967","1,780","1,900","2,100"
KT1,One Bedroom,30,"1,171","1,050","1,100","1,200"
KT1,Two Bedrooms,50,"1,433","1,250","1,350","1,550"
KT1,Three Bedrooms,10,"1,848","1,650","1,755","2,000"
KT1,Four or More Bedrooms,20,"2,120","1,850","2,200","2,250"
KT2,One Bedroom,40,"1,149","1,090","1,150","1,249"
KT2,Two Bedrooms,70,"1,484","1,300","1,400","1,500"
KT2,Three Bedrooms,50,"1,888","1,700","1,875","2,050"
KT2,Four or More Bedrooms,20,"2,526","1,800","2,300","2,750"
KT3,One Bedroom,20,"1,085","1,000","1,050","1,125"
KT3,Two Bedrooms,40,"1,275","1,150","1,268","1,400"
KT3,Three Bedrooms,30,"1,697","1,475","1,700","1,950"
KT3,Four or More Bedrooms,20,"2,312","2,000","2,400","2,500"
KT4,One Bedroom,20,931,865,900,"1,000"
KT4,Two Bedrooms,20,"1,292","1,225","1,275","1,400"
KT4,Three Bedrooms,20,"1,567","1,500","1,525","1,650"
KT4,Four or More Bedrooms,10,"1,965","1,750","1,900","2,266"
KT5,One Bedroom,30,"1,059",950,"1,050","1,115"
KT5,Two Bedrooms,20,"1,257","1,180","1,238","1,350"
KT5,Three Bedrooms,20,"1,708","1,550","1,750","1,850"
KT5,Four or More Bedrooms,10,"2,354","2,000","2,325","2,600"
KT6,One Bedroom,50,"1,101","1,000","1,100","1,200"
KT6,Two Bedrooms,90,"1,347","1,250","1,329","1,400"
KT6,Three Bedrooms,30,"1,567","1,313","1,608","1,825"
KT6,Four or More Bedrooms,10,"2,383","2,000","2,200","2,500"
KT9,One Bedroom,10,929,895,950,975
KT9,Two Bedrooms,10,"1,234","1,175","1,275","1,313"
KT9,Three Bedrooms,10,"1,554","1,400","1,500","1,750"
N1,One Bedroom,130,"1,663","1,500","1,650","1,798"
N1,Two Bedrooms,120,"2,149","1,863","2,112","2,415"
N1,Three Bedrooms,30,"2,797","2,375","2,817","3,012"
N1,Four or More Bedrooms,10,"3,499","3,265","3,451","3,706"
N10,One Bedroom,40,"1,291","1,200","1,300","1,400"
N10,Two Bedrooms,90,"1,530","1,332","1,450","1,600"
N10,Three Bedrooms,30,"1,853","1,528","1,900","2,100"
N10,Four or More Bedrooms,30,"2,029","1,572","1,700","2,100"
N11,One Bedroom,30,"1,139","1,049","1,150","1,200"
N11,Two Bedrooms,50,"1,316","1,207","1,333","1,400"
N11,Three Bedrooms,20,"1,593","1,350","1,550","1,800"
N11,Four or More Bedrooms,10,"2,205","1,950","2,125","2,350"
N12,One Bedroom,60,"1,166","1,125","1,153","1,230"
N12,Two Bedrooms,140,"1,423","1,300","1,400","1,523"
N12,Three Bedrooms,40,"1,794","1,615","1,800","1,950"
N12,Four or More Bedrooms,10,"2,367","2,125","2,425","2,600"
N13,One Bedroom,10,"1,126","1,050","1,100","1,200"
N13,Two Bedrooms,20,"1,381","1,249","1,375","1,475"
N13,Four or More Bedrooms,10,"2,282","2,200","2,350","2,508"
N14,One Bedroom,20,"1,117","1,073","1,100","1,190"
N14,Two Bedrooms,50,"1,322","1,250","1,300","1,375"
N14,Three Bedrooms,20,"1,851","1,650","1,750","2,100"
N14,Four or More Bedrooms,10,"2,319","2,000","2,250","2,400"
N15,One Bedroom,10,"1,077",921,"1,025","1,200"
N15,Two Bedrooms,10,"1,381","1,300","1,400","1,450"
N15,Three Bedrooms,10,"2,520","2,500","2,500","2,500"
N16,One Bedroom,150,"1,321","1,225","1,300","1,408"
N16,Two Bedrooms,130,"1,676","1,500","1,650","1,750"
N16,Three Bedrooms,50,"2,319","2,030","2,210","2,600"
N16,Four or More Bedrooms,30,"2,967","2,600","3,000","3,293"
N17,One Bedroom,10,"1,148","1,050","1,100","1,275"
N17,Two Bedrooms,10,"1,325","1,090","1,300","1,425"
N18,One Bedroom,10,998,850,925,"1,150"
N18,Two Bedrooms,10,"1,259","1,104","1,300","1,400"
N18,Three Bedrooms,10,"1,389","1,073","1,500","1,600"
N19,One Bedroom,30,"1,301","1,238","1,300","1,399"
N19,Two Bedrooms,30,"1,622","1,430","1,600","1,777"
N19,Three Bedrooms,10,"2,235","2,190","2,200","2,275"
N2,One Bedroom,60,"1,214","1,115","1,213","1,300"
N2,Two Bedrooms,110,"1,488","1,364","1,475","1,575"
N2,Three Bedrooms,50,"1,871","1,645","1,750","1,993"
N2,Four or More Bedrooms,30,"3,010","2,525","3,050","3,300"
N20,One Bedroom,30,"1,208","1,050","1,200","1,385"
N20,Two Bedrooms,60,"1,394","1,250","1,400","1,500"
N20,Three Bedrooms,20,"1,765","1,525","1,750","1,800"
N20,Four or More Bedrooms,10,"2,474","1,950","2,250","2,990"
N21,Two Bedrooms,10,"1,330","1,187","1,377","1,450"
N22,One Bedroom,10,"1,283","1,150","1,290","1,408"
N22,Two Bedrooms,20,"1,409","1,300","1,350","1,500"
N22,Three Bedrooms,10,"1,898","1,500","1,730","2,000"
N3,One Bedroom,60,"1,191","1,100","1,188","1,268"
N3,Two Bedrooms,150,"1,406","1,300","1,395","1,500"
N3,Three Bedrooms,40,"1,847","1,750","1,830","1,950"
N3,Four or More Bedrooms,10,"2,402","2,100","2,400","2,650"
N4,One Bedroom,30,"1,377","1,300","1,350","1,495"
N4,Two Bedrooms,30,"1,625","1,450","1,600","1,750"
N4,Three Bedrooms,10,"2,146","1,935","2,000","2,400"
N5,One Bedroom,30,"1,602","1,430","1,593","1,733"
N5,Two Bedrooms,30,"2,430","1,733","1,863","2,058"
N5,Four or More Bedrooms,10,"4,082","3,830","3,944","4,492"
N6,One Bedroom,10,"1,370","1,248","1,408","1,430"
N6,Two Bedrooms,20,"1,809","1,550","1,650","1,950"
N7,One Bedroom,20,"1,428","1,272","1,486","1,562"
N7,Two Bedrooms,20,"1,774","1,555","1,695","2,000"
N7,Three Bedrooms,10,"2,273","2,079","2,223","2,416"
N7,Four or More Bedrooms,10,"2,853","2,730","2,785","3,098"
N8,One Bedroom,30,"1,289","1,227","1,300","1,378"
N8,Two Bedrooms,40,"1,611","1,450","1,550","1,745"
N8,Three Bedrooms,10,"2,079","1,850","2,075","2,200"
N8,Four or More Bedrooms,10,"3,145","2,700","3,000","3,166"
N9,One Bedroom,20,964,860,960,"1,050"
N9,Two Bedrooms,20,"1,331","1,250","1,300","1,400"
N9,Three Bedrooms,20,"1,607","1,575","1,650","1,700"
N9,Four or More Bedrooms,10,"1,770","1,550","1,800","1,850"
NW1,One Bedroom,100,"1,721","1,408","1,648","1,912"
NW1,Two Bedrooms,80,"2,518","1,907","2,470","3,050"
NW1,Three Bedrooms,30,"3,316","2,345","3,087","3,300"
NW1,Four or More Bedrooms,20,"4,109","3,358","3,600","4,088"
NW10,One Bedroom,80,"1,216","1,127","1,200","1,300"
NW10,Two Bedrooms,140,"1,488","1,400","1,500","1,600"
NW10,Three Bedrooms,70,"1,940","1,800","1,916","2,145"
NW10,Four or More Bedrooms,40,"2,393","2,075","2,288","2,600"
NW2,One Bedroom,90,"1,222","1,116","1,200","1,300"
NW2,Two Bedrooms,130,"1,530","1,430","1,500","1,600"
NW2,Three Bedrooms,80,"1,964","1,797","1,950","2,000"
NW2,Four or More Bedrooms,40,"2,303","2,000","2,350","2,575"
NW3,One Bedroom,30,"1,811","1,365","1,600","1,750"
NW3,Two Bedrooms,30,"2,213","1,933","2,027","2,383"
NW3,Three Bedrooms,10,"3,069","2,730","2,900","3,606"
NW3,Four or More Bedrooms,10,"5,786","3,564","4,062","8,725"
NW4,One Bedroom,20,"1,146","1,000","1,140","1,250"
NW4,Two Bedrooms,30,"1,346","1,249","1,336","1,413"
NW4,Three Bedrooms,10,"1,856","1,650","1,799","1,950"
NW5,One Bedroom,100,"1,313","1,200","1,300","1,350"
NW5,Two Bedrooms,40,"1,676","1,460","1,535","1,900"
NW5,Three Bedrooms,20,"2,006","1,850","1,985","2,200"
NW5,Four or More Bedrooms,10,"2,708","1,863","2,595","3,467"
NW6,One Bedroom,20,"1,318","1,248","1,300","1,465"
NW6,Two Bedrooms,40,"1,775","1,550","1,700","1,928"
NW6,Three Bedrooms,10,"2,164","1,950","2,100","2,414"
NW6,Four or More Bedrooms,10,"2,621","2,037","2,360","2,850"
NW7,One Bedroom,20,"1,141","1,082","1,150","1,224"
NW7,Two Bedrooms,70,"1,454","1,350","1,400","1,500"
NW7,Three Bedrooms,20,"1,717","1,473","1,735","1,993"
NW7,Four or More Bedrooms,10,"2,753","2,130","2,400","2,840"
NW8,One Bedroom,30,"1,732","1,500","1,741","2,000"
NW8,Two Bedrooms,10,"2,387","2,145","2,385","2,700"
NW8,Three Bedrooms,10,"3,048","2,557","2,578","3,900"
NW9,One Bedroom,30,"1,139","1,050","1,150","1,245"
NW9,Two Bedrooms,60,"1,341","1,250","1,350","1,451"
NW9,Three Bedrooms,40,"1,726","1,600","1,733","1,800"
NW9,Four or More Bedrooms,20,"2,048","1,900","1,975","2,225"
RM1,One Bedroom,40,903,835,900,950
RM1,Two Bedrooms,70,"1,123","1,025","1,100","1,200"
RM1,Three Bedrooms,20,"1,365","1,350","1,350","1,400"
RM1,Four or More Bedrooms,10,"1,634","1,500","1,700","1,750"
RM10,One Bedroom,20,859,800,860,900
RM10,Two Bedrooms,20,"1,124","1,050","1,125","1,200"
RM10,Three Bedrooms,40,"1,368","1,300","1,400","1,450"
RM11,One Bedroom,20,896,870,900,950
RM11,Two Bedrooms,30,"1,111","1,025","1,100","1,200"
RM11,Three Bedrooms,20,"1,397","1,263","1,400","1,500"
RM11,Four or More Bedrooms,10,"2,330","1,700","1,700","1,750"
RM12,One Bedroom,20,902,800,875,"1,000"
RM12,Two Bedrooms,30,"1,120","1,050","1,100","1,195"
RM12,Three Bedrooms,40,"1,462","1,351","1,488","1,600"
RM12,Four or More Bedrooms,10,"1,832","1,700","1,890","1,995"
RM13,One Bedroom,20,877,850,863,950
RM13,Two Bedrooms,30,"1,065",950,"1,100","1,150"
RM13,Three Bedrooms,60,"1,362","1,290","1,350","1,450"
RM13,Four or More Bedrooms,10,"1,629","1,600","1,600","1,700"
RM14,Two Bedrooms,30,"1,177","1,050","1,200","1,350"
RM14,Three Bedrooms,20,"1,541","1,375","1,500","1,673"
RM14,Four or More Bedrooms,10,"2,204","2,000","2,225","2,575"
RM2,One Bedroom,10,897,850,875,900
RM2,Two Bedrooms,30,"1,196","1,100","1,200","1,250"
RM2,Three Bedrooms,10,"1,456","1,333","1,450","1,600"
RM3,One Bedroom,40,865,750,850,925
RM3,Two Bedrooms,40,"1,090",950,"1,050","1,200"
RM3,Three Bedrooms,50,"1,356","1,250","1,350","1,500"
RM3,Four or More Bedrooms,10,"1,624","1,395","1,500","1,975"
RM5,One Bedroom,10,839,800,850,900
RM5,Two Bedrooms,20,"1,151",985,"1,188","1,285"
RM5,Three Bedrooms,30,"1,329","1,250","1,350","1,400"
RM6,One Bedroom,20,881,825,888,900
RM6,Two Bedrooms,50,"1,110","1,050","1,100","1,200"
RM6,Three Bedrooms,30,"1,392","1,300","1,400","1,500"
RM7,One Bedroom,50,936,900,950,"1,000"
RM7,Two Bedrooms,60,"1,176","1,100","1,200","1,250"
RM7,Three Bedrooms,30,"1,365","1,340","1,350","1,400"
RM7,Four or More Bedrooms,10,"1,641","1,475","1,668","1,750"
RM8,One Bedroom,20,934,850,925,"1,050"
RM8,Two Bedrooms,50,"1,200","1,125","1,200","1,250"
RM8,Three Bedrooms,30,"1,417","1,300","1,425","1,500"
RM8,Four or More Bedrooms,10,"1,609","1,600","1,650","1,700"
RM9,One Bedroom,10,894,850,900,985
RM9,Two Bedrooms,30,"1,214","1,150","1,200","1,300"
RM9,Three Bedrooms,20,"1,343","1,300","1,350","1,450"
SE1,One Bedroom,160,"1,633","1,350","1,603","1,800"
SE1,Two Bedrooms,160,"2,135","1,733","2,015","2,492"
SE1,Three Bedrooms,40,"2,738","2,400","2,600","3,025"
SE10,One Bedroom,60,"1,371","1,270","1,395","1,450"
SE10,Two Bedrooms,80,"1,705","1,500","1,650","1,800"
SE10,Three Bedrooms,40,"2,279","1,950","2,100","2,500"
SE11,One Bedroom,20,"1,365","1,300","1,365","1,500"
SE11,Two Bedrooms,20,"1,714","1,500","1,750","2,000"
SE11,Three Bedrooms,10,"2,119","1,700","2,200","2,350"
SE11,Four or More Bedrooms,10,"3,267","3,200","3,250","3,440"
SE12,One Bedroom,30,"1,040",950,"1,000","1,150"
SE12,Two Bedrooms,60,"1,232","1,150","1,250","1,300"
SE12,Three Bedrooms,30,"1,556","1,450","1,550","1,600"
SE12,Four or More Bedrooms,10,"2,059","1,875","2,150","2,250"
SE13,One Bedroom,190,"1,282","1,150","1,320","1,425"
SE13,Two Bedrooms,170,"1,487","1,300","1,473","1,710"
SE13,Three Bedrooms,30,"1,778","1,600","1,674","1,900"
SE13,Four or More Bedrooms,10,"2,188","1,775","2,300","2,500"
SE14,One Bedroom,20,"1,137","1,050","1,100","1,250"
SE14,Two Bedrooms,20,"1,400","1,300","1,388","1,538"
SE14,Three Bedrooms,10,"1,742","1,500","1,795","2,000"
SE15,One Bedroom,70,"1,282","1,192","1,250","1,400"
SE15,Two Bedrooms,80,"1,589","1,400","1,555","1,700"
SE15,Three Bedrooms,30,"2,065","1,995","2,200","2,300"
SE15,Four or More Bedrooms,20,"2,634","2,400","2,500","2,800"
SE16,One Bedroom,100,"1,343","1,200","1,300","1,425"
SE16,Two Bedrooms,120,"1,674","1,500","1,600","1,800"
SE16,Three Bedrooms,30,"2,102","1,850","2,100","2,344"
SE16,Four or More Bedrooms,10,"2,607","2,400","2,600","2,800"
SE17,One Bedroom,20,"1,255","1,200","1,250","1,375"
SE17,Two Bedrooms,30,"1,545","1,380","1,500","1,650"
SE17,Three Bedrooms,20,"1,782","1,515","1,760","1,950"
SE17,Four or More Bedrooms,20,"2,509","2,330","2,550","2,675"
SE18,One Bedroom,90,"1,057",900,"1,000","1,150"
SE18,Two Bedrooms,130,"1,305","1,150","1,250","1,450"
SE18,Three Bedrooms,50,"1,468","1,350","1,450","1,575"
SE18,Four or More Bedrooms,10,"1,952","1,600","1,763","1,975"
SE19,One Bedroom,20,"1,036",900,"1,020","1,100"
SE19,Two Bedrooms,20,"1,340","1,245","1,313","1,400"
SE19,Three Bedrooms,10,"1,650","1,450","1,600","1,850"
SE2,One Bedroom,10,799,775,778,830
SE2,Two Bedrooms,10,950,880,900,940
SE2,Three Bedrooms,40,"1,209","1,131","1,150","1,311"
SE2,Four or More Bedrooms,10,"1,451","1,245","1,297","1,375"
SE20,One Bedroom,60,961,900,950,"1,013"
SE20,Two Bedrooms,40,"1,179","1,050","1,200","1,295"
SE20,Three Bedrooms,10,"1,460","1,413","1,500","1,525"
SE21,One Bedroom,10,"1,329","1,325","1,350","1,400"
SE21,Two Bedrooms,70,"1,369","1,103","1,275","1,700"
SE21,Three Bedrooms,20,"2,015","1,850","1,925","2,200"
SE21,Four or More Bedrooms,10,"3,602","3,200","3,600","4,300"
SE22,One Bedroom,50,"1,301","1,200","1,300","1,400"
SE22,Two Bedrooms,70,"1,629","1,525","1,650","1,750"
SE22,Three Bedrooms,20,"2,143","1,925","2,250","2,350"
SE22,Four or More Bedrooms,10,"2,779","2,600","2,800","3,000"
SE23,One Bedroom,30,"1,094",950,"1,100","1,150"
SE23,Two Bedrooms,40,"1,376","1,300","1,375","1,500"
SE23,Three Bedrooms,10,"1,724","1,650","1,750","1,800"
SE23,Four or More Bedrooms,10,"1,992","1,665","2,000","2,400"
SE24,One Bedroom,20,"1,345","1,245","1,395","1,475"
SE24,Two Bedrooms,30,"1,606","1,495","1,638","1,750"
SE24,Three Bedrooms,10,"2,371","1,650","2,450","2,900"
SE24,Four or More Bedrooms,10,"3,200","2,200","3,475","3,650"
SE25,One Bedroom,70,924,850,910,975
SE25,Two Bedrooms,60,"1,189","1,100","1,200","1,250"
SE25,Three Bedrooms,20,"1,487","1,400","1,475","1,600"
SE26,One Bedroom,50,"1,050",950,"1,050","1,150"
SE26,Two Bedrooms,90,"1,263","1,155","1,255","1,358"
SE26,Three Bedrooms,30,"1,581","1,400","1,588","1,725"
SE26,Four or More Bedrooms,10,"2,516","2,250","2,339","2,725"
SE27,One Bedroom,10,"1,158","1,100","1,148","1,250"
SE27,Two Bedrooms,10,"1,361","1,225","1,300","1,480"
SE28,One Bedroom,10,913,850,875,925
SE28,Two Bedrooms,20,"1,181","1,100","1,200","1,300"
SE28,Three Bedrooms,10,"1,356","1,275","1,340","1,400"
SE3,One Bedroom,60,"1,261","1,148","1,250","1,338"
SE3,Two Bedrooms,100,"1,518","1,325","1,500","1,700"
SE3,Three Bedrooms,40,"1,854","1,625","1,825","2,000"
SE3,Four or More Bedrooms,10,"2,338","2,000","2,600","3,000"
SE4,One Bedroom,30,"1,043",950,"1,050","1,150"
SE4,Two Bedrooms,40,"1,360","1,300","1,361","1,425"
SE4,Three Bedrooms,10,"1,604","1,343","1,635","1,795"
SE5,One Bedroom,30,"1,260","1,225","1,300","1,400"
SE5,Two Bedrooms,50,"1,433","1,350","1,440","1,567"
SE5,Three Bedrooms,20,"2,032","1,900","2,050","2,200"
SE5,Four or More Bedrooms,10,"2,909","2,500","3,045","3,300"
SE6,One Bedroom,70,"1,011",925,"1,000","1,100"
SE6,Two Bedrooms,100,"1,245","1,150","1,238","1,350"
SE6,Three Bedrooms,30,"1,537","1,450","1,500","1,650"
SE6,Four or More Bedrooms,10,"1,812","1,700","1,800","2,100"
SE7,One Bedroom,20,"1,150","1,100","1,150","1,250"
SE7,Two Bedrooms,30,"1,297","1,200","1,300","1,400"
SE7,Three Bedrooms,20,"1,683","1,600","1,750","1,800"
SE7,Four or More Bedrooms,10,"2,179","2,000","2,100","2,400"
SE8,One Bedroom,50,"1,209","1,100","1,192","1,350"
SE8,Two Bedrooms,60,"1,367","1,250","1,370","1,550"
SE8,Three Bedrooms,10,"1,641","1,160","1,725","1,800"
SE9,One Bedroom,30,993,900,950,"1,075"
SE9,Two Bedrooms,70,"1,245","1,150","1,200","1,350"
SE9,Three Bedrooms,60,"1,511","1,363","1,500","1,650"
SE9,Four or More Bedrooms,10,"2,140","1,850","2,200","2,500"
SM1,One Bedroom,120,931,875,920,975
SM1,Two Bedrooms,150,"1,181","1,100","1,195","1,250"
SM1,Three Bedrooms,50,"1,481","1,350","1,455","1,600"
SM1,Four or More Bedrooms,10,"1,878","1,700","1,800","1,900"
SM2,One Bedroom,180,941,900,950,995
SM2,Two Bedrooms,230,"1,171","1,095","1,175","1,250"
SM2,Three Bedrooms,40,"1,470","1,325","1,450","1,575"
SM2,Four or More Bedrooms,10,"2,016","1,755","1,950","2,100"
SM3,One Bedroom,10,958,825,963,"1,050"
SM3,Two Bedrooms,30,"1,221","1,080","1,250","1,300"
SM3,Three Bedrooms,20,"1,659","1,595","1,613","1,650"
SM4,One Bedroom,10,"1,019",950,"1,050","1,100"
SM4,Two Bedrooms,30,"1,287","1,175","1,250","1,350"
SM4,Three Bedrooms,20,"1,580","1,450","1,525","1,745"
SM4,Four or More Bedrooms,10,"2,215","1,750","2,048","2,700"
SM5,One Bedroom,20,887,850,895,925
SM5,Two Bedrooms,40,"1,110","1,000","1,100","1,250"
SM5,Three Bedrooms,20,"1,428","1,375","1,450","1,500"
SM6,One Bedroom,40,897,850,900,950
SM6,Two Bedrooms,80,"1,142","1,073","1,150","1,250"
SM6,Three Bedrooms,20,"1,489","1,400","1,500","1,575"
SM6,Four or More Bedrooms,10,"1,928","1,800","1,900","2,100"
SW10,One Bedroom,50,"1,842","1,560","1,782","2,058"
SW10,Two Bedrooms,50,"2,237","1,885","2,188","2,406"
SW10,Three Bedrooms,10,"3,536","3,100","3,564","3,683"
SW11,One Bedroom,150,"1,474","1,268","1,461","1,693"
SW11,Two Bedrooms,250,"1,978","1,688","1,900","2,200"
SW11,Three Bedrooms,100,"2,575","2,113","2,500","2,750"
SW11,Four or More Bedrooms,50,"3,509","3,000","3,400","3,750"
SW12,One Bedroom,40,"1,461","1,328","1,450","1,603"
SW12,Two Bedrooms,70,"1,976","1,733","1,971","2,200"
SW12,Three Bedrooms,20,"2,374","2,000","2,360","2,578"
SW12,Four or More Bedrooms,10,"3,379","3,100","3,481","3,748"
SW13,One Bedroom,80,"1,396","1,250","1,400","1,500"
SW13,Two Bedrooms,150,"1,867","1,500","1,750","2,100"
SW13,Three Bedrooms,80,"2,474","1,825","2,250","2,950"
SW13,Four or More Bedrooms,40,"4,946","2,998","3,725","5,775"
SW14,One Bedroom,90,"1,286","1,200","1,295","1,375"
SW14,Two Bedrooms,250,"1,687","1,450","1,650","1,850"
SW14,Three Bedrooms,110,"2,352","1,795","2,250","2,665"
SW14,Four or More Bedrooms,100,"3,803","2,950","3,500","4,099"
SW15,One Bedroom,130,"1,421","1,350","1,445","1,517"
SW15,Two Bedrooms,220,"1,797","1,550","1,750","1,995"
SW15,Three Bedrooms,90,"2,216","1,800","2,100","2,400"
SW15,Four or More Bedrooms,50,"3,545","2,245","2,900","3,795"
SW16,One Bedroom,50,"1,120","1,020","1,100","1,225"
SW16,Two Bedrooms,60,"1,369","1,250","1,342","1,472"
SW16,Three Bedrooms,40,"1,600","1,473","1,650","1,700"
SW16,Four or More Bedrooms,30,"2,002","1,650","1,900","2,300"
SW17,One Bedroom,30,"1,270","1,063","1,300","1,400"
SW17,Two Bedrooms,60,"1,526","1,400","1,490","1,605"
SW17,Three Bedrooms,30,"2,019","1,750","2,038","2,275"
SW17,Four or More Bedrooms,30,"2,450","2,100","2,350","2,700"
SW18,One Bedroom,70,"1,383","1,275","1,350","1,500"
SW18,Two Bedrooms,160,"1,744","1,550","1,700","1,875"
SW18,Three Bedrooms,60,"2,298","1,863","2,200","2,600"
SW18,Four or More Bedrooms,50,"3,166","2,700","3,050","3,520"
SW19,One Bedroom,340,"1,278","1,175","1,250","1,375"
SW19,Two Bedrooms,500,"1,591","1,400","1,550","1,700"
SW19,Three Bedrooms,170,"2,164","1,750","2,100","2,375"
SW19,Four or More Bedrooms,120,"3,058","2,350","2,750","3,175"
SW1E,Two Bedrooms,10,"3,305","2,542","3,300","4,104"
SW1E,Three Bedrooms,10,"4,763","3,250","5,250","6,000"
SW1P,One Bedroom,30,"1,751","1,538","1,820","1,885"
SW1P,Two Bedrooms,50,"2,847","2,145","2,405","2,752"
SW1P,Three Bedrooms,20,"3,630","3,231","3,489","3,900"
SW1V,One Bedroom,90,"1,939","1,582","1,787","1,950"
SW1V,Two Bedrooms,90,"2,391","2,015","2,178","2,557"
SW1V,Three Bedrooms,40,"3,184","2,524","3,006","3,423"
SW1V,Four or More Bedrooms,10,"6,965","5,001","6,674","7,583"
SW1W,One Bedroom,30,"2,503","1,482","2,000","2,687"
SW1W,Two Bedrooms,40,"3,217","2,600","3,033","3,792"
SW1W,Three Bedrooms,10,"5,246","3,943","5,200","5,525"
SW1W,Four or More Bedrooms,10,"12,347","7,746","13,542","15,967"
SW1X,One Bedroom,10,"2,170","1,733","2,145","2,275"
SW1X,Two Bedrooms,10,"4,627","3,575","4,550","5,200"
SW1X,Three Bedrooms,10,"6,175","4,767","5,200","6,500"
SW1X,Four or More Bedrooms,10,"8,186","5,498","6,067","13,867"
SW2,One Bedroom,30,"1,295","1,148","1,250","1,450"
SW2,Two Bedrooms,90,"1,620","1,490","1,565","1,751"
SW2,Three Bedrooms,20,"2,174","1,799","2,134","2,492"
SW2,Four or More Bedrooms,20,"2,900","2,535","3,160","3,337"
SW20,One Bedroom,70,"1,201","1,100","1,200","1,300"
SW20,Two Bedrooms,80,"1,686","1,350","1,475","1,650"
SW20,Three Bedrooms,40,"2,023","1,815","1,998","2,150"
SW20,Four or More Bedrooms,40,"3,047","2,600","2,750","3,150"
SW3,One Bedroom,180,"2,037","1,712","1,950","2,232"
SW3,Two Bedrooms,160,"3,037","2,462","2,850","3,467"
SW3,Three Bedrooms,50,"5,156","3,686","4,333","6,478"
SW3,Four or More Bedrooms,30,"9,649","6,283","8,883","13,371"
SW4,One Bedroom,120,"1,526","1,400","1,500","1,648"
SW4,Two Bedrooms,220,"1,868","1,650","1,798","2,050"
SW4,Three Bedrooms,90,"2,305","2,000","2,315","2,600"
SW4,Four or More Bedrooms,50,"3,556","3,000","3,400","3,880"
SW5,One Bedroom,40,"1,875","1,690","1,885","2,015"
SW5,Two Bedrooms,80,"2,729","2,053","2,362","2,925"
SW5,Three Bedrooms,10,"3,631","2,510","3,900","4,550"
SW5,Four or More Bedrooms,10,"5,995","4,469","6,037","6,721"
SW6,One Bedroom,240,"1,530","1,264","1,500","1,694"
SW6,Two Bedrooms,260,"2,009","1,700","1,950","2,249"
SW6,Three Bedrooms,120,"2,870","2,301","2,800","3,250"
SW6,Four or More Bedrooms,110,"4,883","3,650","4,225","5,612"
SW7,One Bedroom,60,"2,374","1,860","2,253","2,672"
SW7,Two Bedrooms,100,"3,247","2,448","2,828","3,467"
SW7,Three Bedrooms,30,"5,434","3,358","4,117","7,367"
SW7,Four or More Bedrooms,20,"7,534","4,600","8,051","8,927"
SW8,One Bedroom,90,"1,750","1,560","1,794","1,915"
SW8,Two Bedrooms,120,"2,023","1,700","1,995","2,383"
SW8,Three Bedrooms,50,"2,807","2,208","2,677","3,488"
SW8,Four or More Bedrooms,10,"3,202","2,595","3,405","3,863"
SW9,One Bedroom,30,"1,429","1,375","1,450","1,500"
SW9,Two Bedrooms,30,"1,681","1,500","1,668","1,875"
SW9,Three Bedrooms,20,"2,331","1,900","2,250","2,600"
SW9,Four or More Bedrooms,10,"3,343","3,250","3,313","3,467"
TN16,Two Bedrooms,10,"1,249","1,250","1,258","1,300"
TN16,Four or More Bedrooms,10,"2,019","1,600","1,625","1,650"
TW1,One Bedroom,80,"1,210","1,100","1,200","1,325"
TW1,Two Bedrooms,90,"1,576","1,350","1,586","1,700"
TW1,Three Bedrooms,20,"2,368","1,600","2,200","2,695"
TW1,Four or More Bedrooms,20,"3,681","2,600","3,500","4,500"
TW10,One Bedroom,30,"1,295","1,100","1,275","1,375"
TW10,Two Bedrooms,90,"1,914","1,521","1,800","2,050"
TW10,Three Bedrooms,30,"2,274","1,750","2,150","2,868"
TW10,Four or More Bedrooms,10,"3,947","2,900","3,250","5,665"
TW11,One Bedroom,10,"1,091",975,"1,000","1,125"
TW11,Two Bedrooms,20,"1,452","1,275","1,475","1,615"
TW12,One Bedroom,10,"1,084","1,000","1,050","1,150"
TW12,Two Bedrooms,10,"1,353","1,300","1,363","1,400"
TW12,Three Bedrooms,10,"1,706","1,500","1,688","1,888"
TW13,One Bedroom,50,972,950,"1,000","1,023"
TW13,Two Bedrooms,80,"1,228","1,150","1,250","1,285"
TW13,Three Bedrooms,40,"1,405","1,325","1,450","1,500"
TW13,Four or More Bedrooms,10,"1,544","1,450","1,550","1,650"
TW14,One Bedroom,30,961,920,963,998
TW14,Two Bedrooms,50,"1,195","1,150","1,200","1,250"
TW14,Three Bedrooms,40,"1,451","1,370","1,450","1,550"
TW14,Four or More Bedrooms,10,"1,675","1,550","1,575","1,800"
TW2,One Bedroom,20,"1,091",950,"1,086","1,198"
TW2,Two Bedrooms,50,"1,361","1,200","1,300","1,500"
TW2,Three Bedrooms,50,"1,726","1,500","1,695","1,825"
TW2,Four or More Bedrooms,20,"2,360","2,095","2,240","2,750"
TW3,One Bedroom,90,"1,050",950,"1,050","1,100"
TW3,Two Bedrooms,150,"1,253","1,175","1,250","1,350"
TW3,Three Bedrooms,50,"1,587","1,500","1,625","1,695"
TW3,Four or More Bedrooms,20,"1,972","1,800","1,900","2,100"
TW4,One Bedroom,30,986,900,950,"1,095"
TW4,Two Bedrooms,40,"1,231","1,150","1,250","1,300"
TW4,Three Bedrooms,50,"1,636","1,575","1,650","1,700"
TW4,Four or More Bedrooms,10,"1,892","1,750","1,800","2,200"
TW5,One Bedroom,20,"1,006",925,"1,000","1,050"
TW5,Two Bedrooms,60,"1,237","1,200","1,250","1,275"
TW5,Three Bedrooms,40,"1,585","1,413","1,600","1,700"
TW5,Four or More Bedrooms,30,"1,795","1,600","1,700","1,900"
TW7,One Bedroom,70,"1,089","1,025","1,100","1,150"
TW7,Two Bedrooms,140,"1,341","1,250","1,338","1,400"
TW7,Three Bedrooms,60,"1,644","1,495","1,600","1,795"
TW7,Four or More Bedrooms,20,"2,113","1,800","2,100","2,300"
TW8,One Bedroom,110,"1,242","1,100","1,250","1,375"
TW8,Two Bedrooms,100,"1,595","1,363","1,585","1,750"
TW8,Three Bedrooms,60,"1,967","1,650","1,850","2,383"
TW8,Four or More Bedrooms,10,"2,726","2,643","2,752","2,925"
TW9,One Bedroom,80,"1,363","1,250","1,296","1,400"
TW9,Two Bedrooms,130,"1,691","1,500","1,649","1,800"
TW9,Three Bedrooms,20,"2,246","1,773","2,250","2,535"
TW9,Four or More Bedrooms,10,"3,379","2,600","3,500","4,000"
UB1,Two Bedrooms,10,"1,226","1,120","1,260","1,300"
UB1,Three Bedrooms,10,"1,482","1,250","1,500","1,650"
UB10,One Bedroom,50,"1,013",920,995,"1,150"
UB10,Two Bedrooms,90,"1,285","1,200","1,275","1,375"
UB10,Three Bedrooms,100,"1,385","1,230","1,350","1,500"
UB10,Four or More Bedrooms,40,"2,220","1,800","2,000","2,300"
UB2,One Bedroom,10,938,850,925,"1,025"
UB2,Two Bedrooms,10,"1,215","1,100","1,273","1,300"
UB3,One Bedroom,130,"1,179",980,"1,285","1,335"
UB3,Two Bedrooms,130,"1,443","1,400","1,460","1,525"
UB3,Three Bedrooms,20,"1,649","1,475","1,550","2,010"
UB4,One Bedroom,10,"1,006",935,988,"1,050"
UB4,Two Bedrooms,20,"1,178","1,119","1,200","1,200"
UB4,Three Bedrooms,20,"1,466","1,400","1,475","1,525"
UB5,One Bedroom,30,983,950,975,"1,000"
UB5,Two Bedrooms,20,"1,256","1,175","1,275","1,300"
UB5,Three Bedrooms,10,"1,529","1,400","1,500","1,600"
UB6,One Bedroom,30,"1,120",995,"1,148","1,200"
UB6,Two Bedrooms,20,"1,274","1,200","1,250","1,350"
UB6,Three Bedrooms,20,"1,605","1,550","1,583","1,675"
UB6,Four or More Bedrooms,10,"1,960","1,850","2,000","2,100"
UB7,One Bedroom,90,"1,033",925,"1,070","1,100"
UB7,Two Bedrooms,120,"1,252","1,200","1,275","1,350"
UB7,Three Bedrooms,40,"1,484","1,300","1,495","1,600"
UB7,Four or More Bedrooms,10,"1,944","1,725","1,900","2,200"
UB8,One Bedroom,130,"1,026",925,"1,000","1,100"
UB8,Two Bedrooms,140,"1,247","1,170","1,250","1,325"
UB8,Three Bedrooms,40,"1,476","1,375","1,450","1,600"
UB8,Four or More Bedrooms,50,"1,900","1,650","1,850","2,100"
UB9,Two Bedrooms,10,"1,204","1,150","1,200","1,250"
UB9,Three Bedrooms,10,"1,465","1,375","1,500","1,500"
W10,One Bedroom,20,"1,578","1,334","1,583","1,820"
W10,Two Bedrooms,20,"2,510","1,950","2,351","3,011"
W10,Three Bedrooms,20,"4,322","2,600","3,400","5,417"
W10,Four or More Bedrooms,10,"3,847","1,900","2,210","2,665"
W11,One Bedroom,60,"1,928","1,500","1,733","2,058"
W11,Two Bedrooms,80,"2,863","2,145","2,492","3,211"
W11,Three Bedrooms,30,"4,956","3,033","4,171","6,500"
W11,Four or More Bedrooms,10,"8,037","3,600","8,063","11,000"
W12,One Bedroom,190,"1,479","1,274","1,350","1,517"
W12,Two Bedrooms,150,"1,944","1,473","1,699","2,150"
W12,Three Bedrooms,40,"2,463","2,000","2,275","2,578"
W12,Four or More Bedrooms,20,"3,454","2,817","3,200","3,900"
W13,One Bedroom,170,"1,264","1,200","1,250","1,316"
W13,Two Bedrooms,220,"1,460","1,350","1,450","1,575"
W13,Three Bedrooms,80,"2,021","1,798","1,950","2,200"
W13,Four or More Bedrooms,40,"2,711","2,300","2,500","2,817"
W14,One Bedroom,110,"1,573","1,400","1,517","1,647"
W14,Two Bedrooms,160,"2,078","1,733","1,902","2,167"
W14,Three Bedrooms,40,"3,191","2,350","2,698","3,293"
W14,Four or More Bedrooms,10,"4,562","2,600","4,250","6,717"
W1H,One Bedroom,100,"2,384","1,993","2,318","2,643"
W1H,Two Bedrooms,120,"3,420","2,817","3,185","3,913"
W1H,Three Bedrooms,30,"4,202","3,337","4,333","4,959"
W1T,One Bedroom,10,"1,789","1,650","1,781","1,950"
W1U,One Bedroom,90,"2,568","2,383","2,577","2,773"
W1U,Two Bedrooms,60,"3,279","2,708","3,033","3,682"
W1U,Three Bedrooms,20,"5,074","3,467","4,312","5,037"
W1W,One Bedroom,10,"2,611","1,842","1,842","3,683"
W2,One Bedroom,130,"1,861","1,500","1,690","2,015"
W2,Two Bedrooms,140,"2,680","2,058","2,492","2,882"
W2,Three Bedrooms,40,"4,677","3,033","4,117","5,850"
W2,Four or More Bedrooms,10,"8,053","5,417","7,150","11,700"
W3,One Bedroom,60,"1,298","1,226","1,300","1,400"
W3,Two Bedrooms,90,"1,611","1,520","1,600","1,700"
W3,Three Bedrooms,50,"2,111","1,850","2,100","2,300"
W3,Four or More Bedrooms,40,"2,864","2,350","2,640","3,150"
W4,One Bedroom,70,"1,387","1,250","1,398","1,500"
W4,Two Bedrooms,120,"1,701","1,500","1,650","1,800"
W4,Three Bedrooms,40,"2,296","1,899","2,123","2,686"
W4,Four or More Bedrooms,30,"4,032","2,708","3,975","5,000"
W5,One Bedroom,290,"1,284","1,148","1,275","1,400"
W5,Two Bedrooms,390,"1,636","1,400","1,500","1,800"
W5,Three Bedrooms,140,"2,106","1,750","1,998","2,200"
W5,Four or More Bedrooms,90,"3,075","2,400","2,600","3,500"
W6,One Bedroom,90,"1,372","1,172","1,320","1,517"
W6,Two Bedrooms,60,"1,877","1,613","1,799","2,101"
W6,Three Bedrooms,50,"2,567","2,199","2,400","2,850"
W6,Four or More Bedrooms,10,"4,098","3,402","3,683","4,550"
W7,One Bedroom,50,"1,151","1,100","1,150","1,225"
W7,Two Bedrooms,60,"1,327","1,250","1,364","1,450"
W7,Three Bedrooms,20,"1,819","1,650","1,700","1,895"
W7,Four or More Bedrooms,20,"2,241","1,950","2,200","2,301"
W8,One Bedroom,90,"2,205","1,842","2,044","2,383"
W8,Two Bedrooms,120,"3,401","2,600","3,033","3,683"
W8,Three Bedrooms,60,"5,026","4,550","4,606","4,810"
W8,Four or More Bedrooms,10,"7,479","4,929","6,934","9,642"
W9,One Bedroom,20,"1,541","1,300","1,500","1,842"
W9,Two Bedrooms,30,"2,244","2,100","2,298","2,500"
W9,Three Bedrooms,10,"3,070","2,450","2,626","3,900"
WC1A,Two Bedrooms,10,"2,186","2,150","2,178","2,275"
WC1B,One Bedroom,10,"2,291","2,232","2,383","2,383"
WC1B,Two Bedrooms,10,"2,955","2,893","2,968","3,155"
WC1E,One Bedroom,30,"2,216","2,023","2,102","2,362"
WC1E,Two Bedrooms,40,"2,608","2,405","2,548","2,843"
WC1E,Three Bedrooms,10,"4,021","3,754","3,987","4,117"
WC1H,One Bedroom,10,"1,437","1,320","1,398","1,513"
